{"initial_reset_timestamp": 1631191934.9261394, "timestamps": [1631191942.75162], "episode_lengths": [200], "episode_rewards": [-359.67756275609577], "episode_types": ["t"]}