{"initial_reset_timestamp": 1631195925.2910163, "timestamps": [1631195947.9183471], "episode_lengths": [1000], "episode_rewards": [779.8138670131148], "episode_types": ["t"]}